{"cameraMode":{"drawMode":0,"name":"Shaded","section":"Shading Mode"},"sceneLighting":true,"audioPlay":false,"sceneViewState":{"showFog":true,"showMaterialUpdate":false,"showSkybox":true,"showFlares":true,"showImageEffects":true,"showParticleSystems":true,"showVisualEffectGraphs":true,"m_FxEnabled":true},"in2DMode":false,"pivot":{"x":16.789703369140626,"y":23.861698150634767,"z":-29.356657028198243},"rotation":{"x":0.4620063304901123,"y":0.01821260154247284,"z":-0.013406368903815747,"w":0.8869439363479614},"size":63.82883834838867,"orthographic":false}